Department Name,Municipality Name,Rainfall,Area (km²)
AMAZONAS,LETICIA,2750,"12,187549"
AMAZONAS,PUERTO NARIÑO,2750,"0,670944"
ANTIOQUIA,MEDELLÍN,1750,"82,672327"
ANTIOQUIA,MEDELLÍN,2250,"40,049517"
ANTIOQUIA,MEDELLÍN,2750,"0,434433"
ANTIOQUIA,ABEJORRAL,2250,"1,258996"
ANTIOQUIA,ABRIAQUÍ,2250,"0,159799"
ANTIOQUIA,ALEJANDRÍA,3500,"0,409682"
ANTIOQUIA,AMAGÁ,2250,"0,003817"
ANTIOQUIA,AMAGÁ,2750,"1,56986"
ANTIOQUIA,AMALFI,2750,"1,674508"
ANTIOQUIA,ANDES,2250,"2,100067"
ANTIOQUIA,ANGELÓPOLIS,2250,"0,62288"
ANTIOQUIA,ANGELÓPOLIS,2750,"0,16221"
ANTIOQUIA,ANGOSTURA,2750,"0,492124"
ANTIOQUIA,ANORÍ,3500,"1,326585"
ANTIOQUIA,SANTA FÉ DE ANTIOQUIA,1750,"3,650567"
ANTIOQUIA,ANZÁ,1750,"0,228269"
ANTIOQUIA,APARTADÓ,2750,"6,066039"
ANTIOQUIA,ARBOLETES,1750,"1,466003"
ANTIOQUIA,ARGELIA,4500,"0,572416"
ANTIOQUIA,ARMENIA,2250,"0,30544"
ANTIOQUIA,BARBOSA,2250,"0,401911"
ANTIOQUIA,BARBOSA,2750,"2,437797"
ANTIOQUIA,BELMIRA,2250,"0,515874"
ANTIOQUIA,BELLO,1750,"22,493321"
ANTIOQUIA,BETANIA,2750,"0,381003"
ANTIOQUIA,BETULIA,2250,"0,026185"
ANTIOQUIA,BETULIA,2750,"0,582374"
ANTIOQUIA,CIUDAD BOLÍVAR,2750,"1,495467"
ANTIOQUIA,BRICEÑO,4500,"0,509977"
ANTIOQUIA,BURITICÁ,1750,"0,173481"
ANTIOQUIA,CÁCERES,3500,"1,796147"
ANTIOQUIA,CAICEDO,2250,"0,167102"
ANTIOQUIA,CALDAS,2250,"0,936321"
ANTIOQUIA,CALDAS,2750,"3,119298"
ANTIOQUIA,CAMPAMENTO,3500,"0,576624"
ANTIOQUIA,CAÑASGORDAS,2250,"0,925424"
ANTIOQUIA,CARACOLÍ,2750,"0,327966"
ANTIOQUIA,CARAMANTA,2750,"0,362333"
ANTIOQUIA,CAREPA,2750,"2,664946"
ANTIOQUIA,EL CARMEN DE VIBORAL,2750,"3,124686"
ANTIOQUIA,CAROLINA,2750,"0,349609"
ANTIOQUIA,CAROLINA,3500,"1,22234"
ANTIOQUIA,CAUCASIA,2750,"17,408127"
ANTIOQUIA,CHIGORODÓ,3500,"3,644657"
ANTIOQUIA,CISNEROS,3500,"1,479433"
ANTIOQUIA,COCORNÁ,4500,"0,823786"
ANTIOQUIA,CONCEPCIÓN,3500,"0,619615"
ANTIOQUIA,CONCORDIA,2250,"0,799712"
ANTIOQUIA,COPACABANA,1750,"7,767674"
ANTIOQUIA,DABEIBA,2250,"2,539262"
ANTIOQUIA,DONMATÍAS,2250,"1,105911"
ANTIOQUIA,EBÉJICO,1750,"0,002562"
ANTIOQUIA,EBÉJICO,2250,"0,282064"
ANTIOQUIA,EL BAGRE,4500,"11,322509"
ANTIOQUIA,ENTRERRÍOS,1750,"1,073316"
ANTIOQUIA,ENVIGADO,2250,"13,258582"
ANTIOQUIA,FREDONIA,2750,"2,195791"
ANTIOQUIA,FRONTINO,2250,"3,138334"
ANTIOQUIA,GIRALDO,1750,"0,513017"
ANTIOQUIA,GIRARDOTA,1750,"3,843259"
ANTIOQUIA,GÓMEZ PLATA,3500,"1,075263"
ANTIOQUIA,GRANADA,3500,"0,60339"
ANTIOQUIA,GUADALUPE,2750,"0,359901"
ANTIOQUIA,GUADALUPE,3500,"0,057847"
ANTIOQUIA,GUARNE,2250,"1,761898"
ANTIOQUIA,GUATAPÉ,3500,"0,674032"
ANTIOQUIA,HELICONIA,2250,"0,055938"
ANTIOQUIA,HELICONIA,2750,"0,677916"
ANTIOQUIA,HISPANIA,2750,"0,6948"
ANTIOQUIA,ITAGÜÍ,1750,"1,659893"
ANTIOQUIA,ITAGÜÍ,2250,"11,313107"
ANTIOQUIA,ITUANGO,2750,"0,95699"
ANTIOQUIA,JARDÍN,2750,"1,422567"
ANTIOQUIA,JERICÓ,2750,"1,515246"
ANTIOQUIA,LA CEJA,2250,"3,206903"
ANTIOQUIA,LA CEJA,2750,"0,892784"
ANTIOQUIA,LA ESTRELLA,2250,"6,767504"
ANTIOQUIA,LA PINTADA,2250,"1,609862"
ANTIOQUIA,LA UNIÓN,2250,"0,005356"
ANTIOQUIA,LA UNIÓN,2750,"0,938002"
ANTIOQUIA,LIBORINA,1750,"0,344256"
ANTIOQUIA,MACEO,2750,"0,690858"
ANTIOQUIA,MARINILLA,2250,"4,812557"
ANTIOQUIA,MONTEBELLO,2250,"0,419023"
ANTIOQUIA,MURINDÓ,4500,"0,69348"
ANTIOQUIA,MUTATÁ,4500,"0,660269"
ANTIOQUIA,NARIÑO,3500,"0,818333"
ANTIOQUIA,NECOCLÍ,2250,"2,662873"
ANTIOQUIA,NECHÍ,4500,"1,640746"
ANTIOQUIA,OLAYA,1750,"0,051789"
ANTIOQUIA,PEÑOL,2750,"1,203925"
ANTIOQUIA,PEQUE,2250,"0,525484"
ANTIOQUIA,PUEBLORRICO,2750,"0,730684"
ANTIOQUIA,PUERTO BERRÍO,2750,"6,268005"
ANTIOQUIA,PUERTO NARE,2750,"0,890113"
ANTIOQUIA,PUERTO TRIUNFO,2250,"0,480544"
ANTIOQUIA,REMEDIOS,2750,"3,118733"
ANTIOQUIA,RETIRO,2250,"1,963433"
ANTIOQUIA,RIONEGRO,2250,"9,672185"
ANTIOQUIA,SABANALARGA,1750,"0,598893"
ANTIOQUIA,SABANETA,2250,"4,608517"
ANTIOQUIA,SALGAR,2750,"0,694943"
ANTIOQUIA,SAN ANDRÉS DE CUERQUÍA,2250,"0,764"
ANTIOQUIA,SAN CARLOS,3500,"1,772914"
ANTIOQUIA,SAN CARLOS,4500,"0,360133"
ANTIOQUIA,SAN FRANCISCO,4500,"0,216785"
ANTIOQUIA,SAN JERÓNIMO,1750,"5,089374"
ANTIOQUIA,SAN JOSÉ DE LA MONTAÑA,2250,"0,37529"
ANTIOQUIA,SAN JUAN DE URABÁ,1750,"0,985613"
ANTIOQUIA,SAN LUIS,4500,"0,500842"
ANTIOQUIA,SAN PEDRO DE LOS MILAGROS,1750,"2,196393"
ANTIOQUIA,SAN PEDRO DE URABÁ,1750,"3,417208"
ANTIOQUIA,SAN RAFAEL,3500,"1,348674"
ANTIOQUIA,SAN ROQUE,3500,"0,682001"
ANTIOQUIA,SAN VICENTE,2750,"1,013761"
ANTIOQUIA,SANTA BÁRBARA,2250,"1,077936"
ANTIOQUIA,SANTA ROSA DE OSOS,2250,"5,479713"
ANTIOQUIA,SANTO DOMINGO,3500,"0,541517"
ANTIOQUIA,EL SANTUARIO,2750,"2,053615"
ANTIOQUIA,SEGOVIA,2750,"3,901036"
ANTIOQUIA,SONSÓN,2750,"2,721326"
ANTIOQUIA,SOPETRÁN,1750,"4,028592"
ANTIOQUIA,TÁMESIS,2250,"1,260277"
ANTIOQUIA,TARAZÁ,3500,"0,789434"
ANTIOQUIA,TARAZÁ,4500,"1,155781"
ANTIOQUIA,TARSO,2750,"0,420056"
ANTIOQUIA,TITIRIBÍ,2250,"0,487611"
ANTIOQUIA,TOLEDO,2250,"0,276912"
ANTIOQUIA,TURBO,2250,"6,91648"
ANTIOQUIA,URAMITA,2250,"0,302867"
ANTIOQUIA,URRAO,1750,"2,37922"
ANTIOQUIA,VALDIVIA,4500,"0,443875"
ANTIOQUIA,VALPARAÍSO,2750,"0,682647"
ANTIOQUIA,VEGACHÍ,2750,"1,106521"
ANTIOQUIA,VENECIA,2750,"1,308145"
ANTIOQUIA,VIGÍA DEL FUERTE,6000,"0,616468"
ANTIOQUIA,YALÍ,2750,"0,573314"
ANTIOQUIA,YARUMAL,2750,"2,602789"
ANTIOQUIA,YOLOMBÓ,2750,"2,637169"
ANTIOQUIA,YONDÓ,2750,"3,081109"
ANTIOQUIA,ZARAGOZA,4500,"1,811913"
ARAUCA,ARAUCA,1750,"21,686983"
ARAUCA,ARAUQUITA,2250,"2,283411"
ARAUCA,CRAVO NORTE,2250,"2,369768"
ARAUCA,FORTUL,2750,"2,493136"
ARAUCA,PUERTO RONDÓN,2250,"2,352482"
ARAUCA,SARAVENA,3500,"10,242737"
ARAUCA,TAME,2250,"9,645137"
ATLÁNTICO,"BARRANQUILLA, DISTRITO ESPECIAL, INDUSTRIAL Y PORTUARIO",750,"105,831381"
ATLÁNTICO,BARANOA,1250,"5,440088"
ATLÁNTICO,CAMPO DE LA CRUZ,1250,"3,533623"
ATLÁNTICO,CANDELARIA,1250,"1,31257"
ATLÁNTICO,GALAPA,750,"10,599803"
ATLÁNTICO,JUAN DE ACOSTA,1250,"2,363172"
ATLÁNTICO,LURUACO,1250,"1,337384"
ATLÁNTICO,MALAMBO,750,"11,294312"
ATLÁNTICO,MANATÍ,1250,"2,579785"
ATLÁNTICO,PALMAR DE VARELA,1250,"2,980317"
ATLÁNTICO,PIOJÓ,1250,"0,445937"
ATLÁNTICO,POLONUEVO,1250,"1,585999"
ATLÁNTICO,PONEDERA,1250,"1,834167"
ATLÁNTICO,PUERTO COLOMBIA,750,"14,290044"
ATLÁNTICO,REPELÓN,750,"2,210892"
ATLÁNTICO,SABANAGRANDE,1250,"3,109253"
ATLÁNTICO,SABANALARGA,1250,"7,671903"
ATLÁNTICO,SANTA LUCÍA,1250,"1,429893"
ATLÁNTICO,SANTO TOMÁS,1250,"3,462805"
ATLÁNTICO,SOLEDAD,750,"37,713365"
ATLÁNTICO,SUAN,1250,"1,908572"
ATLÁNTICO,TUBARÁ,1250,"1,050037"
ATLÁNTICO,USIACURÍ,1250,"1,434898"
"BOGOTÁ, D.C.","BOGOTÁ, DISTRITO CAPITAL",750,"380,263812"
"BOGOTÁ, D.C.","BOGOTÁ, DISTRITO CAPITAL",1250,"41,344409"
BOLÍVAR,"CARTAGENA DE INDIAS, DISTRITO TURÍSTICO Y CULTURAL",1250,"0,008626"
BOLÍVAR,"CARTAGENA DE INDIAS, DISTRITO TURÍSTICO Y CULTURAL",1250,"84,64249"
BOLÍVAR,ACHÍ,3500,"0,623293"
BOLÍVAR,ALTOS DEL ROSARIO,2250,"0,475639"
BOLÍVAR,ALTOS DEL ROSARIO,2750,"0,317825"
BOLÍVAR,ARENAL,1750,"0,653425"
BOLÍVAR,ARJONA,1250,"7,323402"
BOLÍVAR,ARROYOHONDO,1250,"0,608967"
BOLÍVAR,BARRANCO DE LOBA,2250,"2,068127"
BOLÍVAR,CALAMAR,1250,"1,87023"
BOLÍVAR,CANTAGALLO,2750,"1,117114"
BOLÍVAR,CICUCO,1750,"1,898201"
BOLÍVAR,CÓRDOBA,1250,"0,939673"
BOLÍVAR,CLEMENCIA,1250,"2,901421"
BOLÍVAR,EL CARMEN DE BOLÍVAR,1250,"5,554874"
BOLÍVAR,EL GUAMO,1250,"0,798003"
BOLÍVAR,EL PEÑÓN,2250,"0,304838"
BOLÍVAR,HATILLO DE LOBA,2250,"1,017699"
BOLÍVAR,MAGANGUÉ,1250,"27,86661"
BOLÍVAR,MAGANGUÉ,1750,"7,582086"
BOLÍVAR,MAHATES,1250,"2,1661"
BOLÍVAR,MARGARITA,1750,"3,211997"
BOLÍVAR,MARÍA LA BAJA,1750,"3,021643"
BOLÍVAR,MONTECRISTO,4500,"0,375483"
BOLÍVAR,"SANTA CRUZ DE MOMPÓX, DISTRITO ESPECIAL, TURÍSTICO, CULTURAL E HISTÓRICO",1750,"4,676949"
BOLÍVAR,MORALES,1750,"0,946962"
BOLÍVAR,NOROSÍ,1750,"0,282556"
BOLÍVAR,PINILLOS,2250,"0,83372"
BOLÍVAR,REGIDOR,1750,"0,709092"
BOLÍVAR,RÍO VIEJO,1750,"0,699489"
BOLÍVAR,SAN CRISTÓBAL,750,"0,94484"
BOLÍVAR,SAN ESTANISLAO DE KOSTKA,750,"2,01354"
BOLÍVAR,SAN FERNANDO,1750,"1,871975"
BOLÍVAR,SAN JACINTO,1750,"4,093386"
BOLÍVAR,SAN JACINTO DEL CAUCA,3500,"0,377317"
BOLÍVAR,SAN JUAN NEPOMUCENO,1750,"4,032094"
BOLÍVAR,SAN MARTÍN DE LOBA,2250,"1,150019"
BOLÍVAR,SAN PABLO,2750,"2,486411"
BOLÍVAR,SANTA CATALINA,750,"0,001371"
BOLÍVAR,SANTA CATALINA,1250,"0,785848"
BOLÍVAR,SANTA ROSA DE LIMA,1250,"4,355242"
BOLÍVAR,SANTA ROSA DEL SUR,1750,"2,673709"
BOLÍVAR,SIMITÍ,1750,"1,325963"
BOLÍVAR,SOPLAVIENTO,750,"1,658188"
BOLÍVAR,TALAIGUA NUEVO,1750,"1,132319"
BOLÍVAR,PUERTO RICO,2750,"0,595111"
BOLÍVAR,TURBACO,1250,"14,477937"
BOLÍVAR,TURBANÁ,1250,"1,156543"
BOLÍVAR,VILLANUEVA,1250,"1,447948"
BOLÍVAR,ZAMBRANO,1250,"2,368452"
BOYACÁ,TUNJA,750,"21,856894"
BOYACÁ,ALMEIDA,1750,"0,16405"
BOYACÁ,AQUITANIA,750,"1,108663"
BOYACÁ,ARCABUCO,1750,"0,661041"
BOYACÁ,BELÉN,1250,"1,115052"
BOYACÁ,BERBEO,1750,"0,147305"
BOYACÁ,BETÉITIVA,750,"0,171396"
BOYACÁ,BOAVITA,1250,"0,53426"
BOYACÁ,BOYACÁ,1250,"0,318635"
BOYACÁ,BRICEÑO,2250,"0,187522"
BOYACÁ,BUENAVISTA,1750,"0,257412"
BOYACÁ,BUSBANZÁ,750,"0,110561"
BOYACÁ,CALDAS,1250,"0,199608"
BOYACÁ,CAMPOHERMOSO,3500,"0,309691"
BOYACÁ,CERINZA,1250,"0,487294"
BOYACÁ,CHINAVITA,1250,"0,430577"
BOYACÁ,CHIQUINQUIRÁ,1250,"6,486269"
BOYACÁ,CHISCAS,1250,"0,191371"
BOYACÁ,CHITA,1250,"0,572201"
BOYACÁ,CHITARAQUE,2250,"0,010723"
BOYACÁ,CHITARAQUE,2750,"0,242117"
BOYACÁ,CHIVATÁ,750,"0,252799"
BOYACÁ,CIÉNEGA,1250,"0,372656"
BOYACÁ,CÓMBITA,750,"0,532253"
BOYACÁ,COPER,2750,"0,280289"
BOYACÁ,CORRALES,750,"0,505945"
BOYACÁ,COVARACHÍA,1250,"0,104287"
BOYACÁ,CUBARÁ,4500,"1,031136"
BOYACÁ,CUCAITA,750,"0,347532"
BOYACÁ,CUÍTIVA,750,"0,138248"
BOYACÁ,SAN PEDRO DE IGUAQUE,750,"0,143566"
BOYACÁ,CHIVOR,2750,"0,134933"
BOYACÁ,DUITAMA,750,"12,916036"
BOYACÁ,EL COCUY,1250,"0,657179"
BOYACÁ,EL ESPINO,1250,"0,306793"
BOYACÁ,FIRAVITOBA,750,"0,724004"
BOYACÁ,FLORESTA,750,"0,477007"
BOYACÁ,GACHANTIVÁ,1250,"0,158324"
BOYACÁ,GÁMEZA,750,"0,424396"
BOYACÁ,GARAGOA,1250,"2,052827"
BOYACÁ,GUACAMAYAS,1250,"0,269566"
BOYACÁ,GUATEQUE,1250,"1,927111"
BOYACÁ,GUAYATÁ,1250,"0,32291"
BOYACÁ,GÜICÁN DE LA SIERRA,1250,"0,315571"
BOYACÁ,IZA,750,"0,90884"
BOYACÁ,JENESANO,1250,"0,813829"
BOYACÁ,JERICÓ,750,"0,250332"
BOYACÁ,LABRANZAGRANDE,1750,"0,195814"
BOYACÁ,LABRANZAGRANDE,2250,"0,083194"
BOYACÁ,LA CAPILLA,1250,"0,284044"
BOYACÁ,LA VICTORIA,2750,"0,073211"
BOYACÁ,LA UVITA,1250,"0,488419"
BOYACÁ,VILLA DE LEYVA,750,"2,516329"
BOYACÁ,MACANAL,2250,"0,235543"
BOYACÁ,MARIPÍ,1750,"0,039847"
BOYACÁ,MARIPÍ,2250,"0,12351"
BOYACÁ,MIRAFLORES,1750,"0,96815"
BOYACÁ,MONGUA,750,"0,749879"
BOYACÁ,MONGUÍ,750,"0,810334"
BOYACÁ,MONIQUIRÁ,2250,"3,63949"
BOYACÁ,MOTAVITA,750,"0,23719"
BOYACÁ,MUZO,2750,"0,683427"
BOYACÁ,NOBSA,750,"1,471461"
BOYACÁ,NUEVO COLÓN,750,"0,434092"
BOYACÁ,OICATÁ,750,"0,355502"
BOYACÁ,OTANCHE,2750,"0,399849"
BOYACÁ,PACHAVITA,1250,"0,329668"
BOYACÁ,PÁEZ,3500,"0,6136"
BOYACÁ,PAIPA,750,"4,703643"
BOYACÁ,PAJARITO,3500,"0,165173"
BOYACÁ,PANQUEBA,1250,"0,232915"
BOYACÁ,PAUNA,2250,"0,437462"
BOYACÁ,PAYA,2250,"0,133779"
BOYACÁ,PAZ DE RÍO,750,"0,992447"
BOYACÁ,PESCA,750,"0,846457"
BOYACÁ,PISBA,1750,"0,185842"
BOYACÁ,PUERTO BOYACÁ,2250,"4,148812"
BOYACÁ,QUÍPAMA,2750,"0,377885"
BOYACÁ,RAMIRIQUÍ,1250,"1,416781"
BOYACÁ,RÁQUIRA,750,"0,653246"
BOYACÁ,RONDÓN,1750,"0,178359"
BOYACÁ,SABOYÁ,1250,"0,570079"
BOYACÁ,SÁCHICA,750,"0,807857"
BOYACÁ,SAMACÁ,750,"1,251886"
BOYACÁ,SAN EDUARDO,2250,"0,3035"
BOYACÁ,SAN JOSÉ DE PARE,2250,"0,569458"
BOYACÁ,SAN LUIS DE GACENO,3500,"1,18465"
BOYACÁ,SAN MATEO,1250,"0,400759"
BOYACÁ,SAN MIGUEL DE SEMA,750,"0,233911"
BOYACÁ,SAN PABLO DE BORBUR,2250,"0,145339"
BOYACÁ,SANTANA,2250,"0,632321"
BOYACÁ,SANTA MARÍA,3500,"0,8379"
BOYACÁ,SANTA ROSA DE VITERBO,750,"2,059188"
BOYACÁ,SANTA SOFÍA,1250,"0,372407"
BOYACÁ,SATIVANORTE,1250,"0,2851"
BOYACÁ,SATIVASUR,1250,"0,145014"
BOYACÁ,SIACHOQUE,750,"0,468945"
BOYACÁ,SOATÁ,1250,"1,266135"
BOYACÁ,SOCOTÁ,750,"0,157069"
BOYACÁ,SOCHA,750,"0,738107"
BOYACÁ,SOGAMOSO,750,"21,21605"
BOYACÁ,SOMONDOCO,1250,"0,40546"
BOYACÁ,SORA,750,"0,360629"
BOYACÁ,SOTAQUIRÁ,1250,"0,351515"
BOYACÁ,SORACÁ,750,"0,365941"
BOYACÁ,SUSACÓN,1250,"0,247688"
BOYACÁ,SUTAMARCHÁN,750,"0,655994"
BOYACÁ,SUTATENZA,1250,"0,420216"
BOYACÁ,TASCO,750,"0,324124"
BOYACÁ,TENZA,1250,"0,310518"
BOYACÁ,TIBANÁ,1250,"0,657068"
BOYACÁ,TIBASOSA,750,"1,376415"
BOYACÁ,TINJACÁ,750,"0,250952"
BOYACÁ,TIPACOQUE,1250,"0,47251"
BOYACÁ,TOCA,750,"0,99101"
BOYACÁ,TOGÜÍ,2250,"0,242951"
BOYACÁ,TÓPAGA,750,"0,367324"
BOYACÁ,TOTA,750,"0,517234"
BOYACÁ,TUNUNGUÁ,2250,"0,090984"
BOYACÁ,TURMEQUÉ,750,"1,032892"
BOYACÁ,TUTA,750,"0,994422"
BOYACÁ,TUTAZÁ,1250,"0,113115"
BOYACÁ,ÚMBITA,1250,"0,485404"
BOYACÁ,VENTAQUEMADA,750,"0,943608"
BOYACÁ,VIRACACHÁ,750,"0,477382"
BOYACÁ,ZETAQUIRA,1750,"0,275045"
CALDAS,MANIZALES,1750,"25,572673"
CALDAS,MANIZALES,2250,"12,398846"
CALDAS,AGUADAS,2750,"1,29745"
CALDAS,ANSERMA,2250,"2,163526"
CALDAS,ARANZAZU,1750,"0,605151"
CALDAS,BELALCÁZAR,2250,"0,602816"
CALDAS,CHINCHINÁ,2250,"4,991436"
CALDAS,CHINCHINÁ,2750,"0,030652"
CALDAS,FILADELFIA,1750,"0,44205"
CALDAS,LA DORADA,1750,"1,380382"
CALDAS,LA DORADA,2250,"6,368143"
CALDAS,LA MERCED,2250,"0,405428"
CALDAS,MANZANARES,3500,"1,311929"
CALDAS,MARMATO,2250,"0,2287"
CALDAS,MARQUETALIA,3500,"0,760895"
CALDAS,MARULANDA,2250,"0,181655"
CALDAS,NEIRA,2250,"0,916503"
CALDAS,NORCASIA,3500,"0,619021"
CALDAS,PÁCORA,2750,"1,382433"
CALDAS,PALESTINA,2250,"2,277089"
CALDAS,PENSILVANIA,3500,"1,286404"
CALDAS,RIOSUCIO,2250,"2,49681"
CALDAS,RISARALDA,2250,"0,364784"
CALDAS,SALAMINA,1750,"1,589545"
CALDAS,SAMANÁ,4500,"0,545823"
CALDAS,SAN JOSÉ,2250,"0,478121"
CALDAS,SUPÍA,2250,"2,070871"
CALDAS,VICTORIA,3500,"1,045952"
CALDAS,VILLAMARÍA,1750,"3,470678"
CALDAS,VILLAMARÍA,2250,"1,425532"
CALDAS,VITERBO,2250,"2,594619"
CAQUETÁ,FLORENCIA,3500,"20,361743"
CAQUETÁ,ALBANIA,3500,"0,335882"
CAQUETÁ,BELÉN DE LOS ANDAQUÍES,3500,"0,921415"
CAQUETÁ,CARTAGENA DEL CHAIRÁ,3500,"2,154795"
CAQUETÁ,CURILLO,3500,"0,777889"
CAQUETÁ,EL DONCELLO,3500,"2,164021"
CAQUETÁ,EL PAUJÍL,3500,"1,060056"
CAQUETÁ,LA MONTAÑITA,3500,"0,419565"
CAQUETÁ,MILÁN,3500,"0,364429"
CAQUETÁ,MORELIA,3500,"0,380369"
CAQUETÁ,PUERTO RICO,3500,"2,433695"
CAQUETÁ,SAN JOSÉ DEL FRAGUA,3500,"0,568449"
CAQUETÁ,SAN VICENTE DEL CAGUÁN,2250,"4,900473"
CAQUETÁ,SOLANO,2750,"0,454061"
CAQUETÁ,SOLITA,3500,"1,112056"
CAQUETÁ,VALPARAÍSO,3500,"0,604111"
CASANARE,YOPAL,2750,"25,477111"
CASANARE,AGUAZUL,2750,"4,603169"
CASANARE,CHÁMEZA,3500,"0,330318"
CASANARE,HATO COROZAL,2250,"2,932034"
CASANARE,LA SALINA,1750,"0,132997"
CASANARE,MANÍ,2250,"3,942952"
CASANARE,MONTERREY,3500,"3,100584"
CASANARE,NUNCHÍA,2750,"0,94988"
CASANARE,OROCUÉ,2250,"2,665108"
CASANARE,PAZ DE ARIPORO,2250,"6,270151"
CASANARE,PORE,2250,"1,824444"
CASANARE,RECETOR,3500,"0,169114"
CASANARE,SABANALARGA,3500,"0,877161"
CASANARE,SÁCAMA,2750,"0,995429"
CASANARE,SAN LUIS DE PALENQUE,2250,"0,842801"
CASANARE,TÁMARA,2250,"0,444168"
CASANARE,TAURAMENA,2750,"0,290042"
CASANARE,TAURAMENA,3500,"3,553186"
CASANARE,TRINIDAD,2250,"1,885989"
CASANARE,VILLANUEVA,2750,"4,896048"
CAUCA,POPAYÁN,2250,"32,509512"
CAUCA,ALMAGUER,1250,"0,360321"
CAUCA,ARGELIA,2250,"0,493585"
CAUCA,BALBOA,1750,"0,758978"
CAUCA,BOLÍVAR,1750,"0,833124"
CAUCA,BUENOS AIRES,2750,"0,557475"
CAUCA,CAJIBÍO,2250,"0,556976"
CAUCA,CALDONO,2250,"0,69457"
CAUCA,CALOTO,1750,"1,8792"
CAUCA,CORINTO,1750,"1,547337"
CAUCA,EL TAMBO,2250,"1,189899"
CAUCA,FLORENCIA,1750,"0,129112"
CAUCA,GUACHENÉ,1750,"0,654232"
CAUCA,GUAPI,4500,"2,53792"
CAUCA,INZÁ,1750,"0,311854"
CAUCA,JAMBALÓ,1750,"0,480496"
CAUCA,LA SIERRA,2250,"0,607696"
CAUCA,LA VEGA,1250,"0,496545"
CAUCA,LÓPEZ,10000,"0,348571"
CAUCA,MERCADERES,1250,"2,553012"
CAUCA,MERCADERES,1750,"0,103548"
CAUCA,MIRANDA,1750,"3,252274"
CAUCA,MORALES,2750,"1,392234"
CAUCA,PADILLA,1750,"1,282155"
CAUCA,BELALCÁZAR,1250,"0,623109"
CAUCA,EL BORDO,1750,"2,283855"
CAUCA,PIAMONTE,4500,"0,441908"
CAUCA,PIENDAMÓ,2250,"5,821009"
CAUCA,PUERTO TEJADA,1250,"2,887811"
CAUCA,PUERTO TEJADA,1750,"1,459532"
CAUCA,COCONUCO,1750,"0,317802"
CAUCA,ROSAS,2250,"0,242292"
CAUCA,SAN SEBASTIÁN,1250,"0,176851"
CAUCA,SANTANDER DE QUILICHAO,1750,"4,853595"
CAUCA,SANTANDER DE QUILICHAO,2250,"6,08824"
CAUCA,SANTA ROSA,1750,"0,375306"
CAUCA,SILVIA,1750,"4,870768"
CAUCA,PAISPAMBA,1750,"0,282296"
CAUCA,SUÁREZ,2250,"2,840762"
CAUCA,SUCRE,1750,"0,207471"
CAUCA,TIMBÍO,1750,"0,364466"
CAUCA,TIMBÍO,2250,"1,994912"
CAUCA,TIMBIQUÍ,6000,"1,31482"
CAUCA,TORIBÍO,1250,"0,957362"
CAUCA,TOTORÓ,1750,"0,882441"
CAUCA,VILLA RICA,1750,"3,653018"
CESAR,VALLEDUPAR,1250,"49,462354"
CESAR,AGUACHICA,1250,"11,156881"
CESAR,AGUSTÍN CODAZZI,1750,"12,183815"
CESAR,ASTREA,1250,"1,822024"
CESAR,BECERRIL,1750,"2,881121"
CESAR,BOSCONIA,1250,"10,01594"
CESAR,CHIMICHAGUA,1750,"2,017547"
CESAR,CHIRIGUANÁ,1750,"3,137266"
CESAR,CURUMANÍ,1750,"5,42807"
CESAR,EL COPEY,1250,"3,735477"
CESAR,EL PASO,1250,"3,753534"
CESAR,GAMARRA,1250,"1,920749"
CESAR,GONZÁLEZ,1250,"0,330706"
CESAR,LA GLORIA,1750,"1,059156"
CESAR,LA JAGUA DE IBIRICO,1750,"4,926007"
CESAR,MANAURE BALCÓN DEL CESAR,1750,"1,939069"
CESAR,PAILITAS,1750,"2,017243"
CESAR,PELAYA,1750,"2,558877"
CESAR,PUEBLO BELLO,1750,"2,009389"
CESAR,RÍO DE ORO,1250,"1,335092"
CESAR,ROBLES,1250,"3,067727"
CESAR,SAN ALBERTO,2250,"2,01737"
CESAR,SAN DIEGO,1250,"2,749655"
CESAR,SAN MARTÍN,2250,"1,452102"
CESAR,TAMALAMEQUE,1750,"2,01213"
CHOCÓ,SAN FRANCISCO DE QUIBDÓ,8000,"29,182257"
CHOCÓ,ACANDÍ,2750,"1,071361"
CHOCÓ,PIE DE PATO,6000,"0,23705"
CHOCÓ,YUTO,8000,"0,444636"
CHOCÓ,BAGADÓ,8000,"0,297381"
CHOCÓ,CIUDAD MÚTIS,6000,"1,522489"
CHOCÓ,PIZARRO,6000,"0,374521"
CHOCÓ,PIZARRO,8000,"0,278587"
CHOCÓ,BELLAVISTA,6000,"0,304939"
CHOCÓ,MANAGRÚ,6000,"0,271582"
CHOCÓ,CURBARADÓ,3500,"0,350638"
CHOCÓ,CÉRTEGUI,8000,"0,587915"
CHOCÓ,CONDOTO,8000,"1,20226"
CHOCÓ,EL CARMEN DE ATRATO,2750,"0,441007"
CHOCÓ,SANTA GENOVEVA DE DOCORDÓ,8000,"1,083277"
CHOCÓ,ISTMINA,8000,"3,09067"
CHOCÓ,JURADÓ,3500,"0,319239"
CHOCÓ,LLORÓ,8000,"0,272412"
CHOCÓ,BETÉ,8000,"0,081995"
CHOCÓ,PUERTO MELUK,8000,"0,262055"
CHOCÓ,ANDAGOYA,8000,"2,293955"
CHOCÓ,NÓVITA,8000,"0,617568"
CHOCÓ,NUQUÍ,6000,"0,731949"
CHOCÓ,SANTA RITA,8000,"0,241977"
CHOCÓ,PAIMADÓ,6000,"0,227054"
CHOCÓ,RIOSUCIO,2750,"1,611446"
CHOCÓ,SAN JOSÉ DEL PALMAR,3500,"0,168188"
CHOCÓ,SIPÍ,4500,"0,418021"
CHOCÓ,TADÓ,8000,"1,3874"
CHOCÓ,UNGUÍA,2250,"1,163652"
CHOCÓ,ÁNIMAS,8000,"0,290293"
CÓRDOBA,MONTERÍA,1250,"45,039233"
CÓRDOBA,AYAPEL,2250,"14,442654"
CÓRDOBA,BUENAVISTA,2250,"2,088758"
CÓRDOBA,CANALETE,1250,"0,736839"
CÓRDOBA,CERETÉ,1250,"19,932705"
CÓRDOBA,CHIMÁ,1250,"0,616124"
CÓRDOBA,CHINÚ,1250,"3,700946"
CÓRDOBA,CIÉNAGA DE ORO,1750,"3,288617"
CÓRDOBA,COTORRA,1250,"2,27789"
CÓRDOBA,LA APARTADA,2250,"1,065347"
CÓRDOBA,SANTA CRUZ DE LORICA,1250,"8,13846"
CÓRDOBA,LOS CÓRDOBAS,1750,"0,882618"
CÓRDOBA,MOMIL,1250,"1,879036"
CÓRDOBA,MONTELÍBANO,2250,"0,053986"
CÓRDOBA,MONTELÍBANO,2750,"11,312857"
CÓRDOBA,MOÑITOS,1250,"1,342057"
CÓRDOBA,PLANETA RICA,1750,"4,605339"
CÓRDOBA,PUEBLO NUEVO,1750,"2,112725"
CÓRDOBA,PUERTO ESCONDIDO,1250,"2,748301"
CÓRDOBA,PUERTO LIBERTADOR,2750,"2,447073"
CÓRDOBA,PURÍSIMA DE LA CONCEPCIÓN,1250,"2,104715"
CÓRDOBA,SAHAGÚN,1250,"12,438796"
CÓRDOBA,SAN ANDRÉS DE SOTAVENTO,1250,"1,394842"
CÓRDOBA,SAN ANTERO,1250,"3,879403"
CÓRDOBA,SAN BERNARDO DEL VIENTO,1250,"2,595141"
CÓRDOBA,SAN CARLOS,1750,"1,198212"
CÓRDOBA,SAN JOSÉ DE URÉ,3500,"0,740679"
CÓRDOBA,SAN PELAYO,1250,"3,76039"
CÓRDOBA,TIERRALTA,1750,"8,210689"
CÓRDOBA,TUCHÍN,1250,"1,154525"
CÓRDOBA,VALENCIA,1750,"7,61482"
CUNDINAMARCA,AGUA DE DIOS,1250,"3,926573"
CUNDINAMARCA,ALBÁN,1250,"0,458239"
CUNDINAMARCA,ANAPOIMA,1250,"5,5785"
CUNDINAMARCA,ANOLAIMA,1250,"0,924617"
CUNDINAMARCA,ARBELÁEZ,1250,"1,372829"
CUNDINAMARCA,BELTRÁN,1250,"0,585786"
CUNDINAMARCA,BITUIMA,1250,"0,179225"
CUNDINAMARCA,BOJACÁ,750,"1,196889"
CUNDINAMARCA,CABRERA,1250,"0,271842"
CUNDINAMARCA,CACHIPAY,1250,"0,771345"
CUNDINAMARCA,CAJICÁ,750,"5,905706"
CUNDINAMARCA,CAPARRAPÍ,1750,"0,524287"
CUNDINAMARCA,CÁQUEZA,1250,"0,956753"
CUNDINAMARCA,CARMEN DE CARUPA,750,"0,450413"
CUNDINAMARCA,CHAGUANÍ,1250,"0,23289"
CUNDINAMARCA,CHÍA,750,"19,423649"
CUNDINAMARCA,CHIPAQUE,1250,"0,309011"
CUNDINAMARCA,CHOACHÍ,1250,"1,129257"
CUNDINAMARCA,CHOCONTÁ,750,"1,599551"
CUNDINAMARCA,COGUA,750,"0,766279"
CUNDINAMARCA,COTA,750,"3,209233"
CUNDINAMARCA,CUCUNUBÁ,750,"0,376976"
CUNDINAMARCA,EL COLEGIO,1250,"1,721368"
CUNDINAMARCA,EL PEÑÓN,2250,"0,117121"
CUNDINAMARCA,EL ROSAL,750,"0,964905"
CUNDINAMARCA,FACATATIVÁ,750,"0,05919"
CUNDINAMARCA,FACATATIVÁ,1250,"7,696608"
CUNDINAMARCA,FÓMEQUE,1250,"1,400377"
CUNDINAMARCA,FOSCA,1250,"0,238419"
CUNDINAMARCA,FUNZA,750,"7,884455"
CUNDINAMARCA,FÚQUENE,750,"0,195596"
CUNDINAMARCA,FUSAGASUGÁ,1250,"14,597313"
CUNDINAMARCA,GACHALÁ,2250,"0,335052"
CUNDINAMARCA,GACHANCIPÁ,750,"1,048119"
CUNDINAMARCA,GACHETÁ,1750,"1,255673"
CUNDINAMARCA,GAMA,1750,"0,181193"
CUNDINAMARCA,GIRARDOT,1250,"21,669187"
CUNDINAMARCA,GRANADA,750,"0,306324"
CUNDINAMARCA,GUACHETÁ,750,"0,863414"
CUNDINAMARCA,GUADUAS,1750,"8,633485"
CUNDINAMARCA,GUASCA,750,"1,36916"
CUNDINAMARCA,GUATAQUÍ,1250,"0,757157"
CUNDINAMARCA,GUATAVITA,750,"0,813198"
CUNDINAMARCA,GUATAVITA,1250,"0,025983"
CUNDINAMARCA,GUAYABAL DE SÍQUIMA,1250,"0,255595"
CUNDINAMARCA,GUAYABETAL,3500,"0,445186"
CUNDINAMARCA,GUTIÉRREZ,1250,"0,170695"
CUNDINAMARCA,JERUSALÉN,1250,"0,346306"
CUNDINAMARCA,JUNÍN,1750,"0,344952"
CUNDINAMARCA,LA CALERA,750,"1,530495"
CUNDINAMARCA,LA MESA,1250,"3,942132"
CUNDINAMARCA,LA PALMA,2250,"0,829339"
CUNDINAMARCA,LA PEÑA,1750,"0,186501"
CUNDINAMARCA,LA VEGA,1750,"1,918229"
CUNDINAMARCA,LENGUAZAQUE,750,"0,526586"
CUNDINAMARCA,MACHETÁ,1250,"0,412101"
CUNDINAMARCA,MADRID,750,"7,555341"
CUNDINAMARCA,MANTA,1250,"0,474566"
CUNDINAMARCA,MEDINA,3500,"1,3923"
CUNDINAMARCA,MOSQUERA,750,"14,749005"
CUNDINAMARCA,NARIÑO,1250,"1,189315"
CUNDINAMARCA,NEMOCÓN,750,"0,818642"
CUNDINAMARCA,NILO,1250,"0,459412"
CUNDINAMARCA,NILO,1750,"0,138074"
CUNDINAMARCA,NIMAIMA,1750,"0,155337"
CUNDINAMARCA,NOCAIMA,1750,"0,466664"
CUNDINAMARCA,VENECIA,1750,"0,251682"
CUNDINAMARCA,PACHO,1250,"4,223535"
CUNDINAMARCA,PAIME,2750,"0,077643"
CUNDINAMARCA,PANDI,1250,"0,392068"
CUNDINAMARCA,PARATEBUENO,3500,"0,614184"
CUNDINAMARCA,PASCA,1250,"0,616156"
CUNDINAMARCA,PUERTO SALGAR,1750,"2,016097"
CUNDINAMARCA,PULÍ,1250,"0,192839"
CUNDINAMARCA,QUEBRADANEGRA,1750,"0,18818"
CUNDINAMARCA,QUETAME,1750,"0,25782"
CUNDINAMARCA,QUIPILE,1250,"0,135702"
CUNDINAMARCA,APULO,1250,"1,425888"
CUNDINAMARCA,RICAURTE,1250,"13,663115"
CUNDINAMARCA,SAN ANTONIO DEL TEQUENDAMA,750,"0,211298"
CUNDINAMARCA,SAN BERNARDO,1250,"0,657251"
CUNDINAMARCA,PUEBLO NUEVO,1250,"0,21262"
CUNDINAMARCA,SAN FRANCISCO,1250,"0,782614"
CUNDINAMARCA,SAN JUAN DE RIOSECO,1250,"0,591279"
CUNDINAMARCA,SASAIMA,1750,"0,640322"
CUNDINAMARCA,SESQUILÉ,750,"0,757598"
CUNDINAMARCA,SIBATÉ,750,"1,937082"
CUNDINAMARCA,SILVANIA,1250,"7,411133"
CUNDINAMARCA,SIMIJACA,750,"1,765853"
CUNDINAMARCA,SOACHA,750,"31,888025"
CUNDINAMARCA,SOPÓ,750,"2,651728"
CUNDINAMARCA,SUBACHOQUE,750,"0,697668"
CUNDINAMARCA,SUESCA,750,"1,057179"
CUNDINAMARCA,SUPATÁ,1750,"0,492442"
CUNDINAMARCA,SUSA,750,"0,754332"
CUNDINAMARCA,SUTATAUSA,750,"0,214047"
CUNDINAMARCA,TABIO,750,"1,02577"
CUNDINAMARCA,TAUSA,750,"0,245484"
CUNDINAMARCA,TENA,750,"0,200547"
CUNDINAMARCA,TENJO,750,"1,662527"
CUNDINAMARCA,TIBACUY,1250,"0,238357"
CUNDINAMARCA,TIBIRITA,1250,"0,33628"
CUNDINAMARCA,TOCAIMA,1250,"3,198981"
CUNDINAMARCA,TOCANCIPÁ,750,"1,645512"
CUNDINAMARCA,TOPAIPÍ,2250,"0,283312"
CUNDINAMARCA,UBALÁ,2250,"0,693251"
CUNDINAMARCA,UBAQUE,1250,"0,301521"
CUNDINAMARCA,VILLA DE SAN DIEGO DE UBATÉ,750,"4,065259"
CUNDINAMARCA,UNE,1250,"0,479588"
CUNDINAMARCA,ÚTICA,1750,"3,015736"
CUNDINAMARCA,VERGARA,1750,"0,255368"
CUNDINAMARCA,VIANÍ,1250,"0,387312"
CUNDINAMARCA,VILLAGÓMEZ,2250,"0,227549"
CUNDINAMARCA,VILLAPINZÓN,750,"1,850176"
CUNDINAMARCA,VILLETA,1750,"5,581179"
CUNDINAMARCA,VIOTÁ,1250,"1,944149"
CUNDINAMARCA,YACOPÍ,2750,"0,488518"
CUNDINAMARCA,ZIPACÓN,750,"0,23144"
CUNDINAMARCA,ZIPACÓN,1250,"0,01713"
CUNDINAMARCA,ZIPAQUIRÁ,750,"10,392961"
GUAINÍA,INÍRIDA,2750,"8,661305"
GUAVIARE,SAN JOSÉ DEL GUAVIARE,2750,"6,226798"
GUAVIARE,CALAMAR,2750,"1,053194"
GUAVIARE,EL RETORNO,2750,"0,845982"
GUAVIARE,MIRAFLORES,2750,"0,881015"
HUILA,NEIVA,1250,"47,735928"
HUILA,ACEVEDO,1750,"1,094897"
HUILA,AGRADO,1250,"1,783017"
HUILA,AIPE,1250,"2,266545"
HUILA,ALGECIRAS,1250,"2,149201"
HUILA,ALTAMIRA,1250,"0,67241"
HUILA,BARAYA,1250,"0,710359"
HUILA,CAMPOALEGRE,1250,"3,629403"
HUILA,COLOMBIA,1250,"0,51786"
HUILA,COLOMBIA,1750,"0,247945"
HUILA,ELÍAS,1250,"0,632527"
HUILA,GARZÓN,1250,"5,261548"
HUILA,GIGANTE,1250,"2,178466"
HUILA,GUADALUPE,1250,"0,727776"
HUILA,HOBO,1250,"0,870581"
HUILA,ÍQUIRA,1750,"0,506179"
HUILA,SAN JOSÉ DE ISNOS,1750,"0,956797"
HUILA,LA ARGENTINA,1250,"0,844341"
HUILA,LA PLATA,1750,"3,49494"
HUILA,NÁTAGA,1750,"0,524878"
HUILA,OPORAPA,1750,"0,641235"
HUILA,PAICOL,1750,"0,556787"
HUILA,PALERMO,1750,"1,374511"
HUILA,PALESTINA,1750,"0,279727"
HUILA,PITAL,1250,"0,843998"
HUILA,PITALITO,1250,"11,146101"
HUILA,RIVERA,1250,"2,576336"
HUILA,SALADOBLANCO,1250,"0,749647"
HUILA,SAN AGUSTÍN,1750,"2,155747"
HUILA,SANTA MARÍA,1750,"0,464939"
HUILA,SUAZA,1250,"0,711738"
HUILA,TARQUI,1250,"0,715555"
HUILA,TESALIA,1750,"1,059638"
HUILA,TELLO,1250,"0,862542"
HUILA,TERUEL,1750,"0,787386"
HUILA,TIMANÁ,1250,"0,940059"
HUILA,VILLAVIEJA,1250,"0,754326"
HUILA,YAGUARÁ,1750,"1,013512"
LA GUAJIRA,"RIOHACHA, DISTRITO ESPECIAL, TURÍSTICO Y CULTURAL",750,"26,473579"
LA GUAJIRA,ALBANIA,750,"7,469851"
LA GUAJIRA,ALBANIA,1250,"1,123042"
LA GUAJIRA,BARRANCAS,750,"7,235513"
LA GUAJIRA,DIBULLA,1250,"1,125954"
LA GUAJIRA,DISTRACCIÓN,750,"1,027484"
LA GUAJIRA,EL MOLINO,1250,"1,506015"
LA GUAJIRA,FONSECA,750,"5,69402"
LA GUAJIRA,HATONUEVO,750,"2,951111"
LA GUAJIRA,LA JAGUA DEL PILAR,1250,"0,410389"
LA GUAJIRA,MAICAO,750,"22,971365"
LA GUAJIRA,MANAURE,250,"4,832723"
LA GUAJIRA,SAN JUAN DEL CESAR,750,"7,135099"
LA GUAJIRA,URIBIA,250,"5,050944"
LA GUAJIRA,URUMITA,1250,"2,537531"
LA GUAJIRA,VILLANUEVA,1250,"5,636766"
MAGDALENA,"SANTA MARTA, DISTRITO TURÍSTICO, CULTURAL E HISTÓRICO",750,"65,841205"
MAGDALENA,"SANTA MARTA, DISTRITO TURÍSTICO, CULTURAL E HISTÓRICO",1250,"3,389389"
MAGDALENA,ALGARROBO,1250,"1,443301"
MAGDALENA,ARACATACA,1250,"3,167825"
MAGDALENA,EL DIFICIL,1250,"2,779561"
MAGDALENA,CERRO DE SAN ANTONIO,1250,"0,525064"
MAGDALENA,CHIVOLO,1250,"1,560028"
MAGDALENA,CIÉNAGA,750,"10,297025"
MAGDALENA,CONCORDIA,1250,"0,612847"
MAGDALENA,EL BANCO,2250,"5,938657"
MAGDALENA,EL PIÑÓN,1250,"0,894992"
MAGDALENA,EL RETÉN,1250,"1,292288"
MAGDALENA,FUNDACIÓN,1250,"7,671787"
MAGDALENA,GUAMAL,1750,"0,32371"
MAGDALENA,GUAMAL,2250,"1,465313"
MAGDALENA,GRANADA,1250,"1,221902"
MAGDALENA,PEDRAZA,1250,"0,37592"
MAGDALENA,PIJIÑO,1750,"0,879935"
MAGDALENA,PIVIJAY,1250,"3,935022"
MAGDALENA,PLATO,1250,"8,096429"
MAGDALENA,PUEBLOVIEJO,750,"0,717702"
MAGDALENA,REMOLINO,1250,"0,762125"
MAGDALENA,SAN ÁNGEL,1250,"0,821532"
MAGDALENA,SALAMINA,1250,"1,893154"
MAGDALENA,SAN SEBASTIÁN DE BUENAVISTA,1750,"1,018127"
MAGDALENA,SAN ZENÓN,1750,"0,449806"
MAGDALENA,SANTA ANA,1750,"2,263579"
MAGDALENA,SANTA BÁRBARA DE PINTO,1250,"1,61092"
MAGDALENA,SITIONUEVO,1250,"0,935572"
MAGDALENA,TENERIFE,1250,"2,149967"
MAGDALENA,PUNTA DE PIEDRAS,1250,"0,464095"
MAGDALENA,PRADO - SEVILLA,1250,"0,602229"
META,VILLAVICENCIO,3500,"1,991987"
META,VILLAVICENCIO,4500,"64,619148"
META,ACACÍAS,4500,"11,623419"
META,BARRANCA DE UPÍA,2750,"1,618754"
META,CABUYARO,2750,"0,964395"
META,CASTILLA LA NUEVA,3500,"1,285053"
META,CUBARRAL,4500,"0,822397"
META,CUMARAL,4500,"5,33017"
META,EL CALVARIO,3500,"0,257629"
META,EL CASTILLO,3500,"1,039854"
META,EL DORADO,4500,"0,280445"
META,FUENTE DE ORO,2750,"1,584796"
META,GRANADA,2750,"11,416243"
META,GUAMAL,4500,"2,800364"
META,MAPIRIPÁN,2750,"2,693082"
META,MESETAS,3500,"0,878861"
META,LA MACARENA,2750,"2,971053"
META,URIBE,3500,"0,764529"
META,LEJANÍAS,3500,"2,404006"
META,PUERTO CONCORDIA,2750,"0,726307"
META,PUERTO GAITÁN,2250,"2,667278"
META,PUERTO LÓPEZ,2750,"8,79281"
META,PUERTO LLERAS,2750,"1,017339"
META,PUERTO RICO,2750,"1,106992"
META,RESTREPO,4500,"2,497368"
META,SAN CARLOS DE GUAROA,2750,"1,130608"
META,SAN JUAN DE ARAMA,2750,"1,498989"
META,SAN JUANITO,1750,"0,23217"
META,SAN JUANITO,2250,"0,004067"
META,SAN MARTÍN,3500,"6,503603"
META,VISTAHERMOSA,2750,"1,667254"
NARIÑO,SAN JUAN DE PASTO,1250,"25,248199"
NARIÑO,SAN JOSÉ,1750,"0,423148"
NARIÑO,ALDANA,1250,"0,351725"
NARIÑO,ANCUYA,1250,"0,364714"
NARIÑO,BERRUECOS,1750,"0,264631"
NARIÑO,BARBACOAS,6000,"0,792236"
NARIÑO,BELÉN,1750,"0,33276"
NARIÑO,BUESACO,1250,"1,083811"
NARIÑO,GÉNOVA,1750,"0,190495"
NARIÑO,CONSACÁ,1250,"0,550587"
NARIÑO,CONTADERO,1250,"0,49501"
NARIÑO,CÓRDOBA,1250,"0,68078"
NARIÑO,CARLOSAMA,1250,"1,060736"
NARIÑO,CUMBAL,1250,"2,04662"
NARIÑO,CUMBITARA,1750,"0,27734"
NARIÑO,CHACHAGÜÍ,1250,"0,933184"
NARIÑO,EL CHARCO,4500,"0,797145"
NARIÑO,EL PEÑOL,1250,"0,361455"
NARIÑO,EL ROSARIO,1250,"0,287691"
NARIÑO,EL TABLÓN DE GÓMEZ,1750,"0,198192"
NARIÑO,EL TAMBO,1250,"1,029168"
NARIÑO,FUNES,1250,"0,842823"
NARIÑO,GUACHUCAL,1250,"0,667518"
NARIÑO,GUAITARILLA,1250,"1,19007"
NARIÑO,GUALMATÁN,1250,"0,751825"
NARIÑO,ILES,1250,"0,377205"
NARIÑO,IMUÉS,1250,"0,342855"
NARIÑO,IPIALES,1250,"14,27986"
NARIÑO,LA CRUZ,1750,"0,784212"
NARIÑO,LA FLORIDA,1250,"0,910572"
NARIÑO,LA LLANADA,1750,"0,43206"
NARIÑO,LA TOLA,4500,"0,593898"
NARIÑO,LA UNIÓN,1750,"1,312128"
NARIÑO,LEIVA,1250,"0,242476"
NARIÑO,LINARES,1250,"0,345707"
NARIÑO,SOTOMAYOR,1250,"0,660116"
NARIÑO,PAYÁN,6000,"0,40985"
NARIÑO,PIEDRANCHA,2250,"0,260973"
NARIÑO,MOSQUERA,3500,"0,247049"
NARIÑO,NARIÑO,1250,"0,338037"
NARIÑO,BOCAS DE SATINGA,3500,"0,862302"
NARIÑO,OSPINA,1250,"0,54133"
NARIÑO,SALAHONDA,3500,"0,345021"
NARIÑO,POLICARPA,1250,"0,263644"
NARIÑO,POTOSÍ,1250,"0,341223"
NARIÑO,PROVIDENCIA,1250,"0,27052"
NARIÑO,PUERRES,1250,"1,030276"
NARIÑO,PUPIALES,1250,"1,548771"
NARIÑO,RICAURTE,4500,"0,426538"
NARIÑO,SAN JOSÉ,6000,"0,231877"
NARIÑO,SAMANIEGO,1250,"2,22847"
NARIÑO,SANDONÁ,1250,"1,758893"
NARIÑO,SAN BERNARDO,1750,"0,263575"
NARIÑO,SAN LORENZO,1750,"0,287665"
NARIÑO,SAN PABLO,1750,"0,865758"
NARIÑO,SAN PEDRO DE CARTAGO,1750,"0,162083"
NARIÑO,ISCUANDÉ,4500,"0,379312"
NARIÑO,GUACHAVÉS,1750,"0,212183"
NARIÑO,SAPUYES,1250,"0,475536"
NARIÑO,TAMINANGO,1250,"0,060932"
NARIÑO,TAMINANGO,1750,"0,304765"
NARIÑO,TANGUA,1250,"0,698613"
NARIÑO,"SAN ANDRÉS DE TUMACO, DISTRITO ESPECIAL, INDUSTRIAL, PORTUARIO, BIODIVERSO Y ECOTURÍSTICO",3500,"5,41222"
NARIÑO,TÚQUERRES,1250,"3,890298"
NARIÑO,YACUANQUER,1250,"0,606824"
NORTE DE SANTANDER,SAN JOSÉ DE CÚCUTA,1250,"75,3285"
NORTE DE SANTANDER,ÁBREGO,1250,"1,879264"
NORTE DE SANTANDER,ARBOLEDAS,1750,"0,375371"
NORTE DE SANTANDER,BOCHALEMA,1250,"0,728781"
NORTE DE SANTANDER,BUCARASICA,1750,"0,135302"
NORTE DE SANTANDER,CÁCOTA,750,"0,28368"
NORTE DE SANTANDER,CÁCHIRA,1250,"0,215514"
NORTE DE SANTANDER,CHINÁCOTA,1250,"4,27528"
NORTE DE SANTANDER,CHITAGÁ,750,"0,650908"
NORTE DE SANTANDER,CONVENCIÓN,1250,"0,899039"
NORTE DE SANTANDER,CUCUTILLA,1750,"0,315905"
NORTE DE SANTANDER,DURANIA,1250,"0,469902"
NORTE DE SANTANDER,EL CARMEN,1250,"0,298445"
NORTE DE SANTANDER,EL TARRA,2250,"1,042249"
NORTE DE SANTANDER,EL ZULIA,1250,"1,964273"
NORTE DE SANTANDER,GRAMALOTE,1750,"0,86033"
NORTE DE SANTANDER,HACARÍ,1250,"0,155157"
NORTE DE SANTANDER,HERRÁN,1250,"0,166909"
NORTE DE SANTANDER,LABATECA,1250,"0,254633"
NORTE DE SANTANDER,LA ESPERANZA,2250,"0,348325"
NORTE DE SANTANDER,LA PLAYA,1250,"0,224445"
NORTE DE SANTANDER,LOS PATIOS,1250,"10,668371"
NORTE DE SANTANDER,LOURDES,1750,"0,213494"
NORTE DE SANTANDER,MUTISCUA,1250,"0,17126"
NORTE DE SANTANDER,OCAÑA,1250,"10,457405"
NORTE DE SANTANDER,PAMPLONA,750,"5,392842"
NORTE DE SANTANDER,PAMPLONITA,1250,"0,431174"
NORTE DE SANTANDER,PUERTO SANTANDER,2750,"0,765589"
NORTE DE SANTANDER,RAGONVALIA,1250,"0,672568"
NORTE DE SANTANDER,SALAZAR DE LAS PALMAS,1750,"0,990166"
NORTE DE SANTANDER,SAN CALIXTO,1250,"0,474496"
NORTE DE SANTANDER,SAN CAYETANO,1250,"1,762483"
NORTE DE SANTANDER,SANTIAGO,1250,"0,253305"
NORTE DE SANTANDER,SARDINATA,1750,"1,094017"
NORTE DE SANTANDER,SILOS,750,"0,262448"
NORTE DE SANTANDER,TEORAMA,1250,"0,3378"
NORTE DE SANTANDER,TIBÚ,3500,"3,3036"
NORTE DE SANTANDER,TOLEDO,1250,"0,971461"
NORTE DE SANTANDER,VILLA CARO,1250,"0,45115"
NORTE DE SANTANDER,VILLA DEL ROSARIO,1250,"19,162902"
PUTUMAYO,MOCOA,3500,"5,65348"
PUTUMAYO,COLÓN,1750,"1,764447"
PUTUMAYO,ORITO,3500,"7,034613"
PUTUMAYO,PUERTO ASÍS,3500,"5,667151"
PUTUMAYO,PUERTO CAICEDO,3500,"0,994019"
PUTUMAYO,PUERTO GUZMÁN,4500,"0,847015"
PUTUMAYO,PUERTO LEGUÍZAMO,2750,"2,145621"
PUTUMAYO,SIBUNDOY,1750,"2,915685"
PUTUMAYO,SAN FRANCISCO,1750,"0,736632"
PUTUMAYO,LA DORADA,3500,"0,998614"
PUTUMAYO,SANTIAGO,1750,"0,799802"
PUTUMAYO,LA HORMIGA,3500,"2,756529"
PUTUMAYO,VILLAGARZÓN,4500,"2,435865"
QUINDIO,ARMENIA,2250,"33,363241"
QUINDIO,BUENAVISTA,1750,"0,133134"
QUINDIO,CALARCÁ,2250,"7,131417"
QUINDIO,CIRCASIA,2250,"3,017098"
QUINDIO,CIRCASIA,2750,"0,285713"
QUINDIO,CÓRDOBA,1750,"0,476592"
QUINDIO,FILANDIA,2750,"0,839744"
QUINDIO,GÉNOVA,1750,"0,496433"
QUINDIO,LA TEBAIDA,1750,"0,466547"
QUINDIO,LA TEBAIDA,2250,"3,00965"
QUINDIO,MONTENEGRO,1750,"0,965911"
QUINDIO,MONTENEGRO,2250,"2,190284"
QUINDIO,PIJAO,1750,"0,662495"
QUINDIO,QUIMBAYA,1750,"2,02701"
QUINDIO,QUIMBAYA,2250,"1,002635"
QUINDIO,SALENTO,2750,"0,845041"
RISARALDA,PEREIRA,2250,"14,002111"
RISARALDA,PEREIRA,2750,"19,341784"
RISARALDA,APÍA,2250,"0,756511"
RISARALDA,BALBOA,2250,"0,270957"
RISARALDA,BELÉN DE UMBRÍA,2250,"1,562476"
RISARALDA,DOSQUEBRADAS,2750,"16,093884"
RISARALDA,GUÁTICA,2250,"0,607835"
RISARALDA,LA CELIA,2250,"0,414721"
RISARALDA,LA VIRGINIA,1750,"2,173704"
RISARALDA,MARSELLA,2750,"2,397604"
RISARALDA,MISTRATÓ,2250,"0,442078"
RISARALDA,PUEBLO RICO,2250,"0,481393"
RISARALDA,QUINCHÍA,2250,"1,106872"
RISARALDA,SANTA ROSA DE CABAL,2750,"7,734367"
RISARALDA,SANTUARIO,2250,"0,450229"
SANTANDER,BUCARAMANGA,1250,"56,54043"
SANTANDER,AGUADA,2750,"0,115379"
SANTANDER,ALBANIA,2250,"0,182559"
SANTANDER,ARATOCA,1250,"0,447216"
SANTANDER,BARBOSA,2250,"3,649231"
SANTANDER,BARICHARA,1250,"1,160908"
SANTANDER,BARRANCABERMEJA,2750,"33,114316"
SANTANDER,BETULIA,1250,"0,490886"
SANTANDER,BOLÍVAR,2250,"0,309237"
SANTANDER,CABRERA,1250,"0,351118"
SANTANDER,CALIFORNIA,1250,"0,14593"
SANTANDER,CAPITANEJO,1250,"2,244991"
SANTANDER,CARCASÍ,1250,"0,15365"
SANTANDER,CEPITÁ,1250,"0,122867"
SANTANDER,CERRITO,1250,"0,546816"
SANTANDER,CHARALÁ,2750,"1,318565"
SANTANDER,CHARTA,1250,"0,250039"
SANTANDER,CHIMA,2750,"0,235384"
SANTANDER,CHIPATÁ,2250,"0,258971"
SANTANDER,CIMITARRA,2750,"3,22486"
SANTANDER,CONCEPCIÓN,1250,"0,460495"
SANTANDER,CONFINES,2750,"0,225932"
SANTANDER,CONTRATACIÓN,3500,"0,979668"
SANTANDER,COROMORO,2250,"0,222187"
SANTANDER,CURITÍ,1250,"0,802985"
SANTANDER,EL CARMEN DE CHUCURÍ,2250,"0,271712"
SANTANDER,EL GUACAMAYO,3500,"0,249864"
SANTANDER,EL PEÑÓN,2250,"0,18954"
SANTANDER,EL PLAYÓN,1750,"0,598521"
SANTANDER,ENCINO,2750,"0,121046"
SANTANDER,ENCISO,1250,"0,168142"
SANTANDER,FLORIÁN,2250,"0,377548"
SANTANDER,FLORIDABLANCA,1250,"17,417422"
SANTANDER,GALÁN,1250,"0,263388"
SANTANDER,GÁMBITA,2250,"0,182448"
SANTANDER,GIRÓN,1250,"9,958792"
SANTANDER,GUACA,1250,"0,602445"
SANTANDER,GUADALUPE,3500,"0,693592"
SANTANDER,GUAPOTÁ,2750,"0,086879"
SANTANDER,GUAPOTÁ,3500,"0,225308"
SANTANDER,GUAVATÁ,2250,"0,28976"
SANTANDER,GÜEPSA,2250,"1,103077"
SANTANDER,HATO,1750,"0,445468"
SANTANDER,JESÚS MARÍA,2250,"0,19494"
SANTANDER,JORDÁN SUBE,1250,"0,048702"
SANTANDER,LA BELLEZA,2250,"0,334237"
SANTANDER,LANDÁZURI,3500,"0,544819"
SANTANDER,LA PAZ,2750,"0,236082"
SANTANDER,LEBRIJA,1250,"2,978591"
SANTANDER,LOS SANTOS,1250,"0,426085"
SANTANDER,MACARAVITA,1250,"0,081857"
SANTANDER,MÁLAGA,1750,"3,004109"
SANTANDER,MATANZA,1250,"0,306086"
SANTANDER,MOGOTES,2250,"0,967054"
SANTANDER,MOLAGAVITA,1750,"0,221181"
SANTANDER,OCAMONTE,2250,"0,136076"
SANTANDER,OIBA,3500,"0,763333"
SANTANDER,ONZAGA,1250,"0,392776"
SANTANDER,PALMAR,1750,"0,221434"
SANTANDER,PALMAS DEL SOCORRO,2750,"0,213763"
SANTANDER,PÁRAMO,2250,"0,190321"
SANTANDER,PIEDECUESTA,1250,"11,440451"
SANTANDER,PINCHOTE,1250,"0,229012"
SANTANDER,PUENTE NACIONAL,2250,"1,182735"
SANTANDER,PUERTO PARRA,2750,"0,606154"
SANTANDER,PUERTO WILCHES,2750,"2,593644"
SANTANDER,RIONEGRO,1250,"0,454746"
SANTANDER,RIONEGRO,1750,"0,20576"
SANTANDER,SABANA DE TORRES,3500,"5,719192"
SANTANDER,SAN ANDRÉS,1250,"0,499318"
SANTANDER,SAN BENITO,2750,"0,09771"
SANTANDER,SAN GIL,1250,"7,479777"
SANTANDER,SAN JOAQUÍN,1750,"0,187159"
SANTANDER,SAN JOSÉ DE MIRANDA,1250,"0,258879"
SANTANDER,SAN MIGUEL,1250,"0,240448"
SANTANDER,SAN VICENTE DE CHUCURÍ,2250,"1,898286"
SANTANDER,SANTA BÁRBARA,1250,"0,095373"
SANTANDER,SANTA HELENA DEL OPÓN,3500,"0,191644"
SANTANDER,SIMACOTA,2750,"0,390493"
SANTANDER,SOCORRO,2250,"4,202453"
SANTANDER,SUAITA,2250,"0,617476"
SANTANDER,SUCRE,2250,"0,206487"
SANTANDER,SURATÁ,1250,"0,206612"
SANTANDER,TONA,1250,"0,140652"
SANTANDER,VALLE DE SAN JOSÉ,1750,"0,422517"
SANTANDER,VÉLEZ,2250,"2,507381"
SANTANDER,VETAS,750,"0,192787"
SANTANDER,VILLANUEVA,1250,"1,556734"
SANTANDER,ZAPATOCA,1250,"2,64747"
SUCRE,SINCELEJO,1250,"31,65676"
SUCRE,BUENAVISTA,1250,"1,209627"
SUCRE,CAIMITO,1750,"1,035483"
SUCRE,RICAURTE (COLOSÓ),1250,"0,798922"
SUCRE,COROZAL,1250,"4,972731"
SUCRE,COVEÑAS,1250,"8,124428"
SUCRE,CHALÁN,1250,"0,511378"
SUCRE,EL ROBLE,1250,"1,389758"
SUCRE,GALERAS,1250,"2,010128"
SUCRE,GUARANDA,3500,"1,072117"
SUCRE,LA UNIÓN,1750,"7,657395"
SUCRE,LOS PALMITOS,1250,"1,47502"
SUCRE,MAJAGUAL,2750,"1,425146"
SUCRE,MORROA,1250,"1,530589"
SUCRE,OVEJAS,1250,"1,882075"
SUCRE,PALMITO,1250,"0,759502"
SUCRE,SAMPUÉS,1250,"2,883892"
SUCRE,SAN BENITO ABAD,1750,"2,37666"
SUCRE,BETULIA,1250,"1,979939"
SUCRE,SAN MARCOS,1750,"6,689806"
SUCRE,SAN MARCOS,2250,"0,583467"
SUCRE,SAN ONOFRE,1250,"3,368308"
SUCRE,SAN PEDRO,1250,"1,53526"
SUCRE,SINCÉ,1250,"3,131824"
SUCRE,SUCRE,2250,"1,296426"
SUCRE,SANTIAGO DE TOLÚ,1250,"8,892021"
SUCRE,TOLUVIEJO,1250,"1,308857"
TOLIMA,IBAGUÉ,1750,"48,569875"
TOLIMA,ALPUJARRA,1250,"0,022258"
TOLIMA,ALPUJARRA,1750,"0,68634"
TOLIMA,ALVARADO,1250,"0,742678"
TOLIMA,AMBALEMA,1250,"1,55846"
TOLIMA,ANZOÁTEGUI,1750,"0,245022"
TOLIMA,GUAYABAL,1750,"2,139831"
TOLIMA,ATACO,2250,"1,659709"
TOLIMA,CAJAMARCA,1250,"0,700176"
TOLIMA,CARMEN DE APICALÁ,1750,"3,939264"
TOLIMA,CASABIANCA,2750,"0,393874"
TOLIMA,CHAPARRAL,2750,"6,838523"
TOLIMA,COELLO,1250,"0,508236"
TOLIMA,COYAIMA,1750,"0,663243"
TOLIMA,CUNDAY,1750,"0,899124"
TOLIMA,DOLORES,1750,"0,694915"
TOLIMA,EL ESPINAL,1250,"3,674944"
TOLIMA,EL ESPINAL,1750,"5,632953"
TOLIMA,FALAN,2750,"0,527557"
TOLIMA,FLANDES,1250,"7,531217"
TOLIMA,FRESNO,2750,"1,449366"
TOLIMA,GUAMO,1750,"4,525171"
TOLIMA,HERVEO,2250,"0,331937"
TOLIMA,HONDA,1750,"10,302232"
TOLIMA,ICONONZO,1250,"0,116018"
TOLIMA,ICONONZO,1750,"0,692105"
TOLIMA,LÉRIDA,1250,"3,555037"
TOLIMA,LÍBANO,2250,"3,689903"
TOLIMA,SAN SEBASTIÁN DE MARIQUITA,2250,"5,999841"
TOLIMA,MELGAR,1750,"14,085605"
TOLIMA,MURILLO,1750,"0,871731"
TOLIMA,NATAGAIMA,1250,"0,18669"
TOLIMA,NATAGAIMA,1750,"1,637286"
TOLIMA,ORTEGA,1750,"3,272871"
TOLIMA,PALOCABILDO,2750,"0,475169"
TOLIMA,PIEDRAS,1250,"0,941712"
TOLIMA,PLANADAS,2250,"0,797586"
TOLIMA,PRADO,1750,"1,099979"
TOLIMA,PURIFICACIÓN,1750,"4,228528"
TOLIMA,RIOBLANCO,2250,"0,386082"
TOLIMA,RONCESVALLES,1250,"0,297528"
TOLIMA,ROVIRA,1750,"1,859305"
TOLIMA,SALDAÑA,1750,"2,01967"
TOLIMA,SAN ANTONIO,2250,"0,995734"
TOLIMA,SAN LUIS,1750,"0,81066"
TOLIMA,SANTA ISABEL,1750,"0,260949"
TOLIMA,SUÁREZ,1750,"0,358639"
TOLIMA,VALLE DE SAN JUAN,1750,"0,735248"
TOLIMA,VENADILLO,1250,"1,054968"
TOLIMA,VENADILLO,1750,"0,428369"
TOLIMA,VILLAHERMOSA,2250,"0,701334"
TOLIMA,VILLARRICA,1750,"0,608081"
VALLE DEL CAUCA,"SANTIAGO DE CALI, DISTRITO ESPECIAL, DEPORTIVO, CULTURAL, TURÍSTICO, EMPRESARIAL Y DE SERVICIOS",1250,"132,739933"
VALLE DEL CAUCA,"SANTIAGO DE CALI, DISTRITO ESPECIAL, DEPORTIVO, CULTURAL, TURÍSTICO, EMPRESARIAL Y DE SERVICIOS",1750,"14,981818"
VALLE DEL CAUCA,ALCALÁ,1750,"1,141398"
VALLE DEL CAUCA,ANDALUCÍA,1250,"3,102749"
VALLE DEL CAUCA,ANSERMANUEVO,1750,"1,456801"
VALLE DEL CAUCA,ARGELIA,1250,"0,379259"
VALLE DEL CAUCA,BOLÍVAR,1250,"1,117714"
VALLE DEL CAUCA,"BUENAVENTURA, DISTRITO ESPECIAL, INDUSTRIAL, PORTUARIO, BIODIVERSO Y ECOTURÍSTICO",6000,"11,974355"
VALLE DEL CAUCA,"BUENAVENTURA, DISTRITO ESPECIAL, INDUSTRIAL, PORTUARIO, BIODIVERSO Y ECOTURÍSTICO",8000,"21,066061"
VALLE DEL CAUCA,GUADALAJARA DE BUGA,1250,"11,663626"
VALLE DEL CAUCA,BUGALAGRANDE,1250,"2,926111"
VALLE DEL CAUCA,CAICEDONIA,1750,"2,879812"
VALLE DEL CAUCA,DARIÉN,1250,"1,974871"
VALLE DEL CAUCA,CANDELARIA,1250,"1,257792"
VALLE DEL CAUCA,CARTAGO,1750,"19,35551"
VALLE DEL CAUCA,DAGUA,1250,"1,684426"
VALLE DEL CAUCA,EL ÁGUILA,2250,"0,345819"
VALLE DEL CAUCA,EL CAIRO,1750,"0,40178"
VALLE DEL CAUCA,EL CERRITO,1250,"3,385164"
VALLE DEL CAUCA,EL CERRITO,1750,"0,176769"
VALLE DEL CAUCA,EL DOVIO,1250,"0,985328"
VALLE DEL CAUCA,FLORIDA,1750,"3,284556"
VALLE DEL CAUCA,GINEBRA,1750,"1,335538"
VALLE DEL CAUCA,GUACARÍ,1250,"2,2545"
VALLE DEL CAUCA,JAMUNDÍ,1750,"24,35785"
VALLE DEL CAUCA,JAMUNDÍ,2250,"0,733063"
VALLE DEL CAUCA,LA CUMBRE,1250,"0,817857"
VALLE DEL CAUCA,LA UNIÓN,1250,"4,215404"
VALLE DEL CAUCA,LA VICTORIA,1250,"2,345686"
VALLE DEL CAUCA,OBANDO,1250,"2,112689"
VALLE DEL CAUCA,PALMIRA,1250,"24,863156"
VALLE DEL CAUCA,PRADERA,1250,"3,094314"
VALLE DEL CAUCA,RESTREPO,1250,"0,975616"
VALLE DEL CAUCA,RIOFRÍO,1250,"0,678332"
VALLE DEL CAUCA,ROLDANILLO,1250,"4,628498"
VALLE DEL CAUCA,SAN PEDRO,1250,"1,127483"
VALLE DEL CAUCA,SEVILLA,1750,"4,091764"
VALLE DEL CAUCA,TORO,1250,"1,974795"
VALLE DEL CAUCA,TRUJILLO,1250,"1,049805"
VALLE DEL CAUCA,TULUÁ,1250,"16,239276"
VALLE DEL CAUCA,ULLOA,2250,"0,456775"
VALLE DEL CAUCA,VERSALLES,1250,"0,771948"
VALLE DEL CAUCA,VIJES,1250,"1,445896"
VALLE DEL CAUCA,YOTOCO,1250,"1,659481"
VALLE DEL CAUCA,YUMBO,1250,"31,932762"
VALLE DEL CAUCA,ZARZAL,1250,"4,936617"
VAUPÉS,MITÚ,2750,"3,314582"
VAUPÉS,CARURÚ,2750,"0,89124"
VAUPÉS,TARAIRA,2750,"0,404448"
VICHADA,PUERTO CARREÑO,2250,"7,15896"
VICHADA,LA PRIMAVERA,2250,"5,586153"
VICHADA,SANTA ROSALÍA,2250,"1,670208"
VICHADA,CUMARIBO,2750,"0,965164"